ID,Sequence,Length,GC_Content,RNA_Type
PQ490400.1,GTTCATTTTTCACTCCTCCCTCCTAGGTCACACTTTTCAGAAAAAGAATCTGCATCCTGGAAACCAGAAGAAAAATATGAGACGGGGAATCATCGTGTGATGTGTGTGCTGCCTTTGGCTGAGTGTGTGGAGTCCTGCTCAGGTGTTAGGTACAGTGTGTTTGATCGTGGTGGCTTGAGGGGAACCCGCTGTTCAGAGCTGTGACTGCGGCTGCACTCAGAGAAGCTGCCCTTGGCTGCTCGTAGCGCCGGGCCTTCTCTCCTCGTCATCATCCAGAGCAGCCAGTGTCCGGGAGGCAGAAGATGCCCCACTCCAGCCTGCATCCATCCATCCCGTGTCCCAGGGGTCACGGGGCCCAGAAGGCAGCCTTGGTTCTGCTGAGTGCCTGCCTGGTGACCCTTTGGGGGCTAGGAGAGCCACCAGAGCACACTCTCCGGTACCTGGTGCTCCACCTAGCCTCCCTGCAGCTGGGACTGCTGTTAAACGGGGTCTGCAGCCTGGCTGAGGAGCTGCGCCACATCCACTCCAGGTACCGGGGCAGCTACTGGAGGACTGTGCGGGCCTGCCTGGGCTGCCCCCTCCGCCGTGGGGCCCTGTTGCTGCTGTCCATCTATTTCTACTACTCCCTCCCAAATGCGGTCGGCCCGCCCTTCACTTGGATGCTTGCCCTCCTGGGCCTCTCGCAGGCACTGAACATCCTCCTGGGCCTCAAGGGCCTGGCCCCAGCTGAGATCTCTGCAGTGTGTGAAAAAGGGAATTTCAACGTGGCCCATGGGCTGGCATGGTCATATTACATCGGATATCTGCGGCTGATCCTGCCAGAGCTCCAGGCCCGGATTCGAACTTACAATCAGCATTACAACAACCTGCTACGGGGTGCAGTGAGCCAGCGGCTGTATATTCTCCTCCCATTGGACTGTGGGGTGCCTGATAACCTGAGTATGGCTGACCCCAACATTCGCTTCCTGGATAAACTGCCCCAGCAGACCGGTGACCATGCTGGCATCAAGGATCGGGTTTACAGCAACAGCATCTATGAGCTTCTGGAGAACGGGCAGCGGCTGCCCCAGACGAAGGCTGTGAGAACATCTGAAGGATTCATGTGGGTGCAGGGGAACCCAGACCAGAGTTGAACCCAGAGCCTAGCCCCAGACCTGATTCCCAGCTGGAGCAGTTGACAGCCTCGGGTCTTGCCCTAGGATCTTGGAAGAAGGATCTGTGAAGGGTAAATTTAGCCCAGCCGTGTCCCTGATTTCAGAGTTGGGTATCAGAGGCAAAGGCAGGCCAGACAGCATAGACCCCATTAGGGTGGCCACCTCCCAGGACTCTATCGTTACAGGCTGAGGGAGTGGGGCCT,1357,57.92188651436994,mRNA
PQ490399.1,AGAAAAAGAATCTGCATCCTGGAAACCAGAAGAAAAATATGAGACGGGGAATCATCGTGTGATGTGTGTGCTGCCTTTGGCTGAGTGTGTGGAGTCCTGCTCAGGTGTTAGGTACAGTGTGTTTGATCGTGGTGGCTTGAGGGGAACCCGCTGTTCAGAGCTGTGACTGCGGCTGCACTCAGAGAAGCTGCCCTTGGCTGCTCGTAGCGCCGGGCCTTCTCTCCTCGTCATCATCCAGAGCAGCCAGTGTCCGGGAGGCAGAAGGTACCGGGGCAGCTACTGGAGGACTGTGCGGGCCTGCCTGGGCTGCCCCCTCCGCCGTGGGGCCCTGTTGCTGCTGTCCATCTATTTCTACTACTCCCTCCCAAATGCGGTCGGCCCGCCCTTCACTTGGATGCTTGCCCTCCTGGGCCTCTCGCAGGCACTGAACATCCTCCTGGGCCTCAAGGGCCTGGCCCCAGCTGAGATCTCTGCAGTGTGTGAAAAAGGGAATTTCAACGTGGCCCATGGGCTGGCATGGTCATATTACATCGGATATCTGCGGCTGATCCTGCCAGAGCTCCAGGCCCGGATTCGAACTTACAATCAGCATTACAACAACCTGCTACGGGGTGCAGTGAGCCAGCGGCTGTATATTCTCCTCCCATTGGACTGTGGGGTGCCTGATAACCTGAGTATGGCTGACCCCAACATTCGCTTCCTGGATAAACTGCCCCAGCAGACCGGTGACCATGCTGGCATCAAGGATCGGGTTTACAGCAACAGCATCTATGAGCTTCTGGAGAACGGGCAGCGGGCGGGCACCTGTGTCCTGGAGTACGCCACCCCCTTGCAGACTTTGTTTGCCATGTCACAATACAGTCAAGCTGGCTTTAGCCGGGAGGATAGGCTTGAGCAGGCCAAACTCTTCTGCCGGACACTTGAGGACATCCTGGCAGATGCCCCTGAGTCTCAGAACAACTGCCGCCTCATTGCCTACCAGGAACCTGCAGATGACAGCAGCTTCTCGCTGTCCCAGGAGGTTCTCCGGCACCTGCGGCAGGAGGAAAAGGAAGAGGTTACTGTGGGCAGCTTGAAGACCTCAGCGGTGCCCAGTACCTCCACGATGTCCCAAGAGCCTGAGCTCCTCATCAGTGGAATGGAAAAGCCCCTCCCTCTCCGCACGGATTTCTCTTGAGACCCAGGGTCACCAGGCCAGAGCCTCCAGTGGTCTCCAAGCCTCTGGACTGGGGGCTCTCTTCAGTGGCTGAATGTCCAGCAGAGCTATTTCCTTCCACAGGGGGCCTTGCAGGGAAGGGTCCAGGACTTGACATCTTAAGATGCGTCTTGTCCCCTTGGGCCAGTCATTTCCCCTCTCTGAGCCTCGGTGTCTTCAACCTGTGAAATGGGATCATAATCACTGCCTTACCTCCCTCACGGTTGTTGTGAGGACTGAGTGTGTGGAAGTTTTTCATAAACTTTGGATGCTAGTGTACTTAGGGGGTGTGCCAGGTGTCTTTCATGGGGCCTTCCAGACCCACTCCCCACCCTTCTCCCCTTCCTTTGCCCGGGGACGCCGAACTCTCTCAATGGTATCAACAGGCTCCTTCGCCCTCTGGCTCCTGGTCATGTTCCATTATTGGGGAGCCCCAGCAGAAGAATGGAGAGGAGGAGGAGGCTGAGTTTGGGGTATTGAATCCCCCGGCTCCCACCCTGCAGCATCAAGGTTGCTATGGACTCTCCTGCCGGGCAACTCTTGCGTAATCATGACTATCTCTAGGATTCTGGCACCACTTCCTTCCCTGGCCCCTTAAGCCTAGCTGTGTATCGGCACCCCCACCCCACTAGAGTACTCCCTCTCACTTGCGGTTTCCTTATACTCCACCCCTTTCTCAACGGTCCTTTTTTAAAGCACATCTCAGATTACCCAA,1910,56.33507853403141,mRNA
NM_001313903.2,GATTACCGAGTGCCGGGGAGCCCGGAGGAGCCGCCGACGCAGCCGCCACCGCCGCCGCCGCCGCCACCAGAGCCGCCCTGTCCGCGCCGCGCCTCGGCAGCCGGAACAGGGCCGCCGTCGGGGAGCCCCAACACACGGTCCACAGCTCATCATGATGGACTTGGAGCTGCCGCCGCCGGGACTCCCGTCCCAGCAGGACATGGATTTGATTGACATACTTTGGAGGCAAGATATAGATCTTGGAGTTGCCCACATTCCCAAATCAGATGCTTTGTACTTTGATGACTGCATGCAGCTTTTGGCGCAGACATTCCCGTTTGTAGATGACAATGAGGTTTCTTCGGCTACGTTTCAGTCACTTGTTCCTGATATTCCCGGTCACATCGAGAGCCCAGTCTTCATTGCTACTAATCAGGCTCAGTCACCTGAAACTTCTGTTGCTCAGGTAGCCCCTGTTGATTTAGACGGTATGCAACAGGACATTGAGCAAGTTTGGGAGGAGCTATTATCCATTCCTGAGTTACAGTGTCTTAATATTGAAAATGACAAGCTGGTTGAGACTACCATGGTTCCAAGTCCAGAAGCCAAACTGACAGAAGTTGACAATTATCATTTTTACTCATCTATACCCTCAATGGAAAAAGAAGTAGGTAACTGTAGTCCACATTTTCTTAATGCTTTTGAGGATTCCTTCAGCAGCATCCTCTCCACAGAAGACCCCAACCAGTTGACAGTGAACTCATTAAATTCAGATGCCACAGTCAACACAGATTTTGGTGATGAATTTTATTCTGCTTTCATAGCTGAGCCCAGTATCAGCAACAGCATGCCCTCACCTGCTACTTTAAGCCATTCACTCTCTGAACTTCTAAATGGGCCCATTGATGTTTCTGATCTATCACTTTGCAAAGCTTTCAACCAAAACCACCCTGAAAGCACAGCAGAATTCAATGATTCTGACTCCGGCATTTCACTAAACACAAGTCCCAGTGTGGCATCACCAGAACACTCAGTGGAATCTTCCAGCTATGGAGACACACTACTTGGCCTCAGTGATTCTGAAGTGGAAGAGCTAGATAGTGCCCCTGGAAGTGTCAAACAGAATGGTCCTAAAACACCAGTACATTCTTCTGGGGATATGGTACAACCCTTGTCACCATCTCAGGGGCAGAGCACTCACGTGCATGATGCCCAATGTGAGAACACACCAGAGAAAGAATTGCCTGTAAGTCCTGGTCATCGGAAAACCCCATTCACAAAAGACAAACATTCAAGCCGCTTGGAGGCTCATCTCACAAGAGATGAACTTAGGGCAAAAGCTCTCCATATCCCATTCCCTGTAGAAAAAATCATTAACCTCCCTGTTGTTGACTTCAACGAAATGATGTCCAAAGAGCAGTTCAATGAAGCTCAACTTGCATTAATTCGGGATATACGTAGGAGGGGTAAGAATAAAGTGGCTGCTCAGAATTGCAGAAAAAGAAAACTGGAAAATATAGTAGAACTAGAGCAAGATTTAGATCATTTGAAAGATGAAAAAGAAAAATTGCTCAAAGAAAAAGGAGAAAATGACAAAAGCCTTCACCTACTGAAAAAACAACTCAGCACCTTATATCTCGAAGTTTTCAGCATGCTACGTGATGAAGATGGAAAACCTTATTCTCCTAGTGAATACTCCCTGCAGCAAACAAGAGATGGCAATGTTTTCCTTGTTCCCAAAAGTAAGAAGCCAGATGTTAAGAAAAACTAGATTTAGGAGGATTTGACCTTTTCTGAGCTAGTTTTTTTGTACTATTATACTAAAAGCTCCTACTGTGATGTGAAATGCTCATACTTTATAAGTAATTCTATGCAAAATCATAGCCAAAACTAGTATAGAAAATAATACGAAACTTTAAAAAGCATTGGAGTGTCAGTATGTTGAATCAGTAGTTTCACTTTAACTGTAAACAATTTCTTAGGACACCATTTGGGCTAGTTTCTGTGTAAGTGTAAATACTACAAAAACTTATTTATACTGTTCTTATGTCATTTGTTATATTCATAGATTTATATGATGATATGACATCTGGCTAAAAAGAAATTATTGCAAAACTAACCACTATGTACTTTTTTATAAATACTGTATGGACAAAAAATGGCATTTTTTATATTAAATTGTTTAGCTCTGGCAAAAAAAAAAAATTTTAAGAGCTGGTACTAATAAAGGATTATTATGACTGTTAAA,2227,41.93982936686125,mRNA
PP835536.1,CTATCCCGGCATTTTCCTTTTTTTCATTTTAACATAAAAAGAAAAAATGTGTCAACTTTTTTTATTCAAATTTTGTCAAATTTTTTGTCAATTTTAATATGGGGGTAGAGGGACTTGAACCCTCACGGTCTTTAAAGCCAACGGATTTTCATTTTACTACAATTTGCATTGTTGTTAAAATTCACTTGTAAAAACGGACTCTATCTTTATCCTCGTCTCCAAAATAGTTGAAAGATTTTTTAATAATTTTATTACTATTATAATTTTATTACTATTTAGGCAATTAATACATTTCTAGTGCAATTTTTTATCTTTTATTCTATTTAGATAATAAATTCGTTAGGACAGTTTTCTTTGAGTCTCTGCACCTATTTTGTTTTAGTACACAAAATTTGGCTCAGGATTGCCTTCTTTTTATTTTATTTCACCCGAGGTTTTCCTGAAT,445,27.86516853932584,tRNA
OR440605.1,GCTTGGTATGGAACTTACTAAGTGATAACTTTCAAATTCAGAGAAACCCTGGAATTAAAAATGGGCAATCCTGAGCCAAATCCTGTTTTCCGAAAACAAACAAAGGTTCAAAAAGACAGAATAAAAAAAAGGATAGGTGCAGAGACTCAATGGAAGCTGTTCTAACAAATGGAGTTGGCTGCGTTGCATTAGTAAAGTAAAGTAAAGGAAAGGAATCCTTCCGTTAAAACTCCAGAAAGGATAAAGTAAAGGATAACCCTATATTCATATGTATACGTATTGAAATACTATCTCAAATGATTAAAATGATTAATAGGGGCCGAATCCATATATATATTTTTTTTTATCTTTATATTTATATTTTTTTATCTTTATATTTATATGAAAAATGAAATAAAAAAAATTGTTTTGAATTGATTCCAAGTTGAAGAAAGGATTGAATTTTAATTGATCAAATCATTCGCTCCATAGTCTGATAGATAACTGATTAATCGGACGAGAATAAAGATAGAGTCCCATTCTACATGTCAATATCGACAACAAGGAAATTTATAGTAAGAGGAAAATCCGTCGACTTTAAAAATCGTGAGGGTTCAAGTCCCTCTATCCCCAAAAAAGGCCCGTTCGACTCCCTAATTATTTTTATCCTATTCTCTCTTTTCATTAACTCATTAACGGTTCAATTTTCGTTATCTTTCTCATTCATTCGATTCTTTCACAAACATATCCAGACTTAATTTCTTTTCACAAGTCTTGTGTTGTGATAGATATGATACACATACAAATAAACATCTTTGAGCAAAACAAGGAATCCCCGTTGGAAATTGGAATGATTAACAATCCAAATCATTATTCGAACTGAAATTTACGAAGTCGTCTTTTTCTTCTTTCTTTTTTTTTTCTTTTTTTTTTTTTTTTTTAAGATACAAAGCATTCCCGGGTCTGGATAAGAATTTAGAAAAATTTTTTC,970,30.721649484536083,tRNA
MW770232.1,CACTTGGCCATGCCGCCCAATCTGATCCAAAATGAATAAAAATTTTATCTATATTCTGTTATTAACTATGATAACTAATTCCTTTTTATCTGGAATCCGAATTTTTCCATTGCGCTTATCCCTTTCAAAAATGAGTTCCTTTTTTTATTGGATTCGGTTTTGATTATTTTATTCAGTTGATTCTATCTCAAAACATACACCGCTTAAAAGAAAAACTTCTTATCTCTTTTATATTGAAAGAAAAAAAAAATGGATTTTTGGTCATAGGCTGAAAAAGCCGGGGGAGGAACCATTACTTATTTACTTTGAATTAGTGAACAGTTTTTGAATTTTTATCTCAAATCGTGTTTTTATAATAACATAAGAAAATGGATTGACGACTAAGACTAATCAGTATTAATGATTTTCCGAAATCAATCCTTTTCAATTTCCATATGAAATTATAATAACATATATGTGTATATGTAAACCCCAGAACAGATATTTTTACACAGAAAACTAGTTAGGTCTCTATTATGCACTATTCTTATACAATATCATTGTGCTTGAATATTTCATTGAAATATATATTGAATAAAAAAGCAGATTGAATCTCCGAGGTAATTTATTTTTTTGTACCCAATCTGATCGTAATATAATAATATTAGGCAGAAATGGATCAATTATGATATTCTATACAAGACTCCATAAGTGTAATGTGAGTAGCAGAATCTTTTTTTTTTCAGG,726,28.236914600550968,tRNA
NR_197758.1,CTTAACACATGCAAGTCGAACGCGCCATCCTTTGGGTGGTGAGTGGCGAACGGGTGAGTAACACGTGAGTAACCTGCCCCTGACTCTGGGATAAGCCGTGGAAACGCGGTCTAATACCGGTTGTGACCGTCGGCGGCATCGTTGGTGGTGGAAAGGTGTTGTTCTGGTTGGGGATGGGCTCGCGGCCTATCAGCTTGTTGGTGGGGTGAGGGCTCACCAAGGCGATTACGGGTAGCCGGCCTGAGAGGGCGACCGGCCACACTGGGACTGAGACACGGCCCAGACTCCTGCGGGAGGCAGCAGTGGGGAATCTTGCGCAATGGGCGAAAGCCTGACGCAGCGACGCCGCGTGGGGGATGACGGCCTTCGGGTTGTAAACCTCTTTTCCTTCTGGCGAAGGCTCCGCGTGTTCGTGGGGTTGACGGTAGGGGGGGGGAATAAGGACCGGCTGACTACGTGCCAGCAGCCGCGGTAATACGTAGGGTCCGAGCGTTGTCCGGAATTATTGGGCGTAAAGAGCTCGTAGGCGGCGTGTCGCGTCTGCTGTGAAAGTCCATGGCTTAACTGTGGGTGTGCAGTGGATACGGGCATGCTTGAGGTAGGTAGGGGAGACTGGAATTCCTGGTGTAGCGGTGAAATGCGCAGATATCAGGAGGAACACCGGTGGCGAAGGCGGGTCTCTGGGCCTTACCTGACGCTGAGGAGCGAAAGCGTGGGTAGCGAACAGGATTAGATACCCTGGTAGTCCATGCTGTAAACGTTGGGCGCTAGGTGTGGGACCTTTCCACGGGTTCCGTGCCGTAGCTAACGCATTAAGCGCCCCGCCTGGGGAGTACGGCCGCAGGGCTAAAACTCAAAGGAATTGACGGGGGCCCGCACAAGCGGCGGAGCATGTTGCTTAATTCGATGCGACGCGAAGAACCTTACCAAGGCTTGACATGCCGGGAAATCCTCCAGAGATGGGGGGTGCCTTTGGGCGTCCGGTACAGGTGGTGCATGGCTGTCGTCAGCTCGTGTCGTGAGATGTTGGGTTAAGTCCCGCAACGAGCGCAACCCTTGTCCTGTGTTGCCAGCACTGCGGGTGGGGACTCATGGGAGACTGCCGGGGTCAACTCGGAGGAAGGTGGGGATGACGTCAAGTCATCATGCCCCTTATGTCTTGGGCTGCAAACATGCTACAATGGCCGGTACAGCGGGTGGGCGATGCCGTGAGGTGGAGCGAATCCCGAAAAGCCGGTCTCAGTGCGGATTGGGGTCTGCAATTCGACCCTATGAAGGTGGAGTCGCTAGTAATCGCGGATCAGCATGCCGCGGTGAATACGTTCCCGGGCCTTGTACACACCGCCCGTCACGTCATGAAAGTTGGCAACACCCGAAACGTGTGGCCTAACCGCGGTTGCGGGGGGAGCGCGTGAAGGTGGGGCTGGCGATTGGGACGAAGTCGTAACAAGGTAGCCGTACCGGAAGGT,1469,59.768550034036764,rRNA
NR_197757.1,AGAGTTTGATCCTGGCTCAGAGTGAACGCTGGCGGCGTGCCTAATACATGCAAGTCGAACGGAGATTAAGTAGCTTGCTATTTAATCTTAGTGGCGCACGGGTGAGTAATGTATAGCTAATCTGCCCCTTAGTAGAGGACAACAGTTAGAAATGACTGCTAATACTCTATACTCCTTCTTAATATAAGTTAAGTCGGGAAAGTTTTTCGCTAAGGGATGAGGCTATATTGTATCAGCTAGTTGGTGAGGTAATGGCTCACCAAGGCTATGACGCATAACTGGTCTGAGAGGATGATCAGTCACACTGGAACTGAGACACGGTCCAGACTCCTACGGGAGGCAGCAGTAGGGAATATTGCTCAATGGGGGAAACCCTGAAGCAGCAACGCCGCGTGGAGGATGACACTTTTCGGAGCGTAAACTCCTTTTGTTAGGGAAGAACCATGACGGTACCTAACGAATAAGCACCGGCTAACTCCGTGCCAGCAGCCGCGGTAATACGGGGGGTGCAAGCGTTACTCGGAATCACTGGGCGTAAAGGACGCGTAGGCGGATTATCAAGTCTTTTGTGAAATCCTATGGCTTAACCATAGAACTGCTTGGGAAACTGATAATCTAGAGTGAGGGAGAGGCAGATGGAATTGGTGGTGTAGGGGTAAAATCCGTAGAGATCACCAGGAATACCCATTGCGAAGGCGATCTGCTGGAACTCAACTGACGCTAAGGCGTGAAAGCGTGGGGAGCAAACAGGATTAGATACCCTGGTAGTCCACGCCCTAAACGATGTATACTAGTTGTTGCTATGCTAGTCATGGCAGTAATGCACCTAACGGATTAAGTATACCGCCTGGGGAGTACGGTCGCAAGATTAAAACTCAAAGGAATAGACGGGGACCCGCACAAGCGGTGGAGCATGTGGTTTAATTCGAAGATACGCGAAGAACCTTACCCGGACTTGATATCTAACAAATCATCCAGAGATGGAAGAGTGTCTGCTTGCAGAAATGTTAAGACAGGTGCTGCACGGCTGTCGTCAGCTCGTGTCGTGAGATGTTGGGTTAAGTCCCGCAACGAGCGCAACCCACGTCATTAGTTGCTAACGGCTCGGCCGAGCACTCTAATGAGACTGCCTTCGCAAGGAGGAGGAAGGTGTGGACGACGTCAAGTCATCATGGCCCTTATGTCCGGGGCGACACACGTGCTACAATGGCGTATACAATGAGAAGCAATATCGCGAGATGGAGCAAATCTATAAAATATGTCCCAGTTCGGATTGGAGTCTGCAACTCGACTCCATGAAGCCGGAATCGCTAGTAATCGTAGATCAGCCATGCTACGGTGAATACGTTCCCGGGTCTTGTACTCACCGCCCGTCACACCATGGGAGTTGATTTCACTCGAAGTCGGAATGCTAAACTAGCTACCGCCCACAGTGGAATCAGCGACTGGGGTGAAGTCGTAACAAGGTAACCGTAGGAGAACCTGCGGTTGGATCACCT,1499,49.566377585056706,rRNA
NR_197756.1,CTCAGGATGAACGCTAGCGGCAGGCTTAACACATGCAAGTCGAGGGGTATAGTTCTTCGGAACTAGAGACCGGCGCACGGGTGCGTAACGCGTATGCAATCTACCTTTCACAGAGGGATAGCCCAGAGAAATTTGGATTAATACCTCATAGTATAATTGAATGGCATCATTTAATTATTAAAGTCACAACGGTGAAAGATGAGCATGCGTCCCATTAGCTAGATGGTAAGGTAACGGCTTACCATGGCGACGATGGGTAGGGGTCCTGAGAGGGAGATCCCCCACACTGGTACTGAGACACGGACCAGACTCCTACGGGAGGCAGCAGTGAGGAATATTGGTCAATGGGCGCAAGCCTGAACCAGCCATGCCGCGTGCAGGATGACGGTCCTATGGATTGTAAACTGCTTTTGTACAGGAAGAAACACTGGTTCGTGAACCAGCTTGACGGTACTGTAAGAATAAGGATCGGCTAACTCCGTGCCAGCAGCCGCGGTAATACGGAGGATCCAAGCGTTATCCGGAATCATTGGGTTTAAAGGGTCCGTAGGCGGTCAGATAAGTCAGTGGTGAAAGCCCATCGCTCAACGGTGGAACGGCCATTGATACTGTCTGACTTGAATTATTAGGAAGTAACTAGAATATGTAGTGTAGCGGTGAAATGCTTAGAGATTACATGGAATACCAATTGCGAAGGCAGGTTACTACTAATGGATTGACGCTGATGGACGAAAGCGTGGGTAGCGAACAGGATTAGATACCCTGGTAGTCCACGCCGTAAACGATGGATACTAGCTGTTGGGAGCAATCTCAGTGGCTAAGCGAAAGTGATAAGTATCCCACCTGGGGAGTACGTTCGCAAGAATGAAACTCAAAGGAATTGACGGGGGCCCGCACAAGCGGTGGAGCATGTGGTTTAATTCGATGATACGCGAGGAACCTTACCAAGGCTTAAATGTAGATTGACCGGTTTGGAAACAGATCTTTCGCAAGACAATTTACAAGGTGCTGCATGGTTGTCGTCAGCTCGTGCCGTGAGGTGTCAGGTTAAGTCCTATAACGAGCGCAACCCCTGTTGTTAGTTGCCAGCGAGTCATGTCGGGAACTCTAACGAGACTGCCAGTGCAAACTGTGAGGAAGGTGGGGATGACGTCAAATCATCACGGCCCTTACGCCTTGGGCTACACACGTGCTACAATGGCCGGTACAGAGAGCAGCCACTGGGTGACCAGGAGCGAATCTATAAAACCGGTCACAGTTCGGATCGGAGTCTGCAACTCGACTCCGTGAAGCTGGAATCGCTAGTAATCGGATATCAGCCATGATCCGGTGAATACGTTCCCGGGCCTTGTACACACCGCCCGTCAAGCCATGGAAGCTGGGGGTGCCTGAAGTCGGTGACCGCAAGGAGCTGCCTAGGGTAAAACTGGTAACTAGGGCTAAGTCGTAACA,1452,50.55096418732782,rRNA
